Student_ID,Name,Class,Maths,Science,English,Computer,Statistics
1,Priya,SY,51.0,89.0,79.0,37,24
2,Arjun,FY,50.0,65.0,74.0,42,61
3,Arjun,FY,76.0,86.0,56.0,64,28
4,Priya,TY,52.0,39.0,9.0,15,82
5,Rohit,FY,77.0,120.0,17.0,85,52
6,Rohit,SY,86.0,18.0,33.0,53,86
7,Rohit,FY,17.0,0.0,,17,95
8,Sneha,TY,40.0,68.0,62.0,92,61
9,Pooja,TY,63.0,73.0,82.0,58,40
10,Aman,TY,7.0,59.0,98.0,32,18
11,Pooja,SY,82.0,8.0,43.0,17,23
12,Aman,TY,29.0,68.0,35.0,5,73
13,Priya,FY,65.0,22.0,0.0,73,31
14,Pooja,TY,46.0,66.0,0.0,16,65
15,Arjun,SY,99.0,52.0,51.0,31,90
16,Rohit,FY,2.0,63.0,30.0,83,17
17,Rohit,TY,64.0,87.0,20.0,20,88
18,Priya,TY,64.0,40.0,24.0,40,78
19,Priya,TY,66.0,78.0,46.0,74,84
20,Arjun,FY,12.0,62.0,52.0,86,58
21,Rahul,TY,31.0,7.0,71.0,25,27
22,Arjun,SY,89.0,20.0,80.0,20,99
23,Arjun,FY,27.0,11.0,14.0,16,81
24,Priya,FY,80.0,12.0,69.0,29,92
25,Pooja,FY,94.0,26.0,10.0,77,80
26,Rahul,SY,36.0,55.0,62.0,59,47
27,Sneha,SY,96.0,13.0,0.0,82,9
28,Pooja,SY,73.0,4.0,42.0,39,75
29,Sneha,SY,6.0,29.0,39.0,17,76
30,Rahul,TY,88.0,,97.0,3,14
31,Arjun,TY,,44.0,,46,84
32,Pooja,TY,63.0,,44.0,57,58
33,Rohit,TY,70.0,37.0,38.0,65,58
34,Neha,TY,1.0,21.0,62.0,69,22
35,Rohit,SY,12.0,59.0,90.0,17,79
36,Priya,FY,82.0,85.0,14.0,67,63
37,Pooja,FY,82.0,43.0,29.0,11,63
38,Priya,TY,54.0,50.0,3.0,42,89
39,Sneha,SY,85.0,82.0,18.0,26,56
40,Arjun,TY,48.0,86.0,84.0,12,76
41,Rohit,SY,3.0,23.0,73.0,71,14
42,Sneha,TY,,30.0,14.0,75,85
43,Sneha,FY,55.0,27.0,63.0,60,60
44,Neha,FY,12.0,46.0,87.0,35,42
45,Pooja,FY,8.0,57.0,46.0,65,42
46,Rohit,SY,,22.0,72.0,58,0
47,Neha,FY,97.0,11.0,47.0,87,14
48,Rohit,SY,,87.0,67.0,86,30
49,Sneha,TY,16.0,56.0,15.0,60,80
50,Rahul,SY,65.0,59.0,23.0,42,92
51,Rohit,SY,53.0,81.0,50.0,0,15
52,Pooja,TY,-10.0,88.0,41.0,67,2
53,Neha,FY,44.0,80.0,98.0,12,47
54,Sneha,SY,29.0,5.0,96.0,61,36
55,Neha,FY,45.0,59.0,16.0,39,79
56,Rahul,SY,45.0,70.0,15.0,95,28
57,Rahul,TY,7.0,20.0,99.0,21,65
58,Aman,TY,68.0,,81.0,47,49
59,Priya,FY,78.0,32.0,77.0,62,51
60,Neha,FY,9.0,29.0,16.0,63,6
61,Rohit,TY,82.0,76.0,16.0,23,77
62,Arjun,FY,34.0,21.0,34.0,63,61
63,Rohit,FY,61.0,79.0,2.0,93,79
64,Arjun,TY,85.0,98.0,16.0,79,59
65,Pooja,SY,57.0,56.0,93.0,50,44
66,Arjun,FY,50.0,66.0,38.0,63,97
67,Rohit,SY,0.0,43.0,1.0,80,28
68,Arjun,TY,76.0,0.0,83.0,17,71
69,Sneha,SY,79.0,83.0,38.0,47,54
70,Neha,FY,21.0,68.0,9.0,12,3
71,Aman,TY,92.0,23.0,47.0,26,91
72,Aman,FY,94.0,99.0,16.0,51,56
73,Priya,SY,86.0,22.0,72.0,66,64
74,Rahul,SY,38.0,3.0,,56,86
75,Rohit,SY,51.0,3.0,60.0,1,42
76,Sneha,FY,52.0,83.0,79.0,51,76
77,Pooja,FY,38.0,55.0,38.0,62,23
78,Arjun,FY,28.0,94.0,45.0,55,96
79,Arjun,SY,47.0,43.0,93.0,67,21
80,Rahul,TY,88.0,51.0,76.0,51,53
81,Arjun,FY,84.0,,90.0,33,9
82,Sneha,FY,20.0,47.0,56.0,48,95
83,Rahul,FY,34.0,10.0,76.0,65,25
84,Pooja,SY,14.0,38.0,33.0,16,83
85,Rahul,SY,79.0,50.0,35.0,15,81
86,Pooja,FY,32.0,72.0,31.0,77,51
87,Sneha,FY,-10.0,31.0,62.0,63,85
88,Priya,FY,21.0,35.0,76.0,77,27
89,Arjun,TY,93.0,26.0,76.0,85,99
90,Neha,TY,51.0,70.0,98.0,92,57
91,Rohit,TY,20.0,30.0,14.0,5,2
92,Sneha,TY,33.0,60.0,40.0,25,50
93,Aman,FY,96.0,73.0,3.0,82,20
94,Neha,SY,32.0,94.0,85.0,87,58
95,Aman,FY,40.0,,75.0,58,12
96,Neha,FY,36.0,61.0,93.0,35,62
97,Pooja,FY,99.0,63.0,40.0,95,90
98,Priya,TY,100.0,24.0,34.0,59,16
99,Rahul,TY,28.0,21.0,43.0,38,69
100,Sneha,SY,,,90.0,10,19
101,Rahul,FY,,64.0,73.0,79,96
102,Neha,FY,77.0,25.0,34.0,73,20
103,Rohit,TY,78.0,89.0,8.0,75,8
104,Rahul,SY,97.0,63.0,78.0,50,59
105,Neha,SY,67.0,24.0,27.0,23,60
106,Rahul,TY,63.0,1.0,45.0,52,83
107,Priya,SY,55.0,61.0,52.0,62,29
108,Arjun,FY,,54.0,39.0,46,35
109,Pooja,TY,21.0,84.0,40.0,66,25
110,Priya,FY,23.0,48.0,44.0,25,90
111,Rohit,SY,24.0,84.0,,65,81
112,Rohit,SY,26.0,22.0,87.0,88,39
113,Rahul,SY,54.0,79.0,15.0,25,79
114,Pooja,FY,39.0,89.0,91.0,48,91
115,Arjun,TY,57.0,64.0,8.0,32,41
116,Neha,TY,79.0,95.0,63.0,30,21
117,Sneha,SY,51.0,54.0,19.0,40,7
118,Priya,TY,51.0,47.0,19.0,88,98
119,Pooja,SY,97.0,8.0,66.0,22,67
120,Aman,TY,51.0,29.0,,7,0
121,Arjun,SY,37.0,89.0,45.0,88,38
122,Pooja,SY,48.0,39.0,13.0,16,10
123,Aman,FY,21.0,98.0,91.0,60,23
124,Rahul,FY,32.0,120.0,6.0,41,34
125,Priya,TY,74.0,14.0,89.0,61,29
126,Pooja,FY,25.0,76.0,25.0,35,95
127,Arjun,FY,58.0,97.0,44.0,32,9
128,Pooja,SY,83.0,41.0,22.0,36,52
129,Aman,SY,47.0,51.0,70.0,85,15
130,Arjun,FY,70.0,30.0,11.0,41,21
131,Aman,TY,18.0,35.0,5.0,30,26
132,Aman,SY,49.0,86.0,20.0,100,94
133,Rahul,TY,77.0,94.0,37.0,90,57
134,Rahul,TY,23.0,,63.0,44,11
135,Pooja,FY,10.0,74.0,20.0,30,34
136,Pooja,TY,97.0,49.0,6.0,66,34
137,Rohit,TY,98.0,28.0,81.0,78,70
138,Pooja,SY,40.0,78.0,49.0,87,97
139,Pooja,SY,16.0,85.0,87.0,67,72
140,Aman,FY,60.0,10.0,33.0,18,37
141,Rohit,SY,96.0,2.0,95.0,100,99
142,Aman,SY,7.0,50.0,58.0,47,36
143,Rahul,SY,97.0,49.0,34.0,81,24
144,Sneha,SY,48.0,31.0,45.0,48,5
145,Neha,FY,8.0,15.0,93.0,100,83
146,Pooja,FY,97.0,55.0,89.0,35,21
147,Sneha,FY,81.0,,18.0,58,52
148,Sneha,TY,,85.0,10.0,27,19
149,Pooja,TY,18.0,10.0,0.0,97,91
150,Pooja,TY,28.0,81.0,26.0,71,37
151,Pooja,FY,86.0,30.0,88.0,16,64
152,Aman,FY,57.0,77.0,72.0,91,62
153,Neha,TY,8.0,75.0,69.0,29,90
154,Pooja,SY,15.0,84.0,57.0,0,89
155,Pooja,TY,5.0,,71.0,22,93
156,Aman,TY,66.0,0.0,34.0,64,68
157,Aman,TY,,31.0,49.0,65,71
158,Aman,TY,86.0,57.0,99.0,27,2
159,Neha,SY,,32.0,54.0,44,80
160,Priya,TY,4.0,,,58,84
161,Priya,TY,45.0,3.0,15.0,46,80
162,Pooja,TY,,75.0,55.0,75,3
163,Arjun,SY,15.0,0.0,27.0,73,88
164,Pooja,SY,7.0,56.0,37.0,5,63
165,Priya,TY,59.0,29.0,65.0,17,19
166,Arjun,SY,60.0,93.0,78.0,98,8
167,Priya,SY,59.0,5.0,14.0,47,45
168,Sneha,TY,35.0,84.0,77.0,4,81
169,Rohit,TY,,120.0,61.0,7,38
170,Pooja,FY,3.0,80.0,,81,98
171,Neha,SY,73.0,51.0,83.0,1,47
172,Sneha,FY,35.0,70.0,60.0,13,64
173,Sneha,FY,97.0,100.0,78.0,75,42
174,Rohit,FY,35.0,77.0,93.0,94,5
175,Rahul,FY,9.0,21.0,44.0,54,12
176,Neha,FY,81.0,9.0,54.0,21,81
177,Rohit,SY,70.0,53.0,9.0,100,21
178,Rohit,SY,100.0,60.0,0.0,91,73
179,Arjun,SY,,28.0,75.0,74,54
180,Rahul,TY,43.0,87.0,77.0,27,25
181,Pooja,FY,82.0,96.0,30.0,11,35
182,Aman,TY,64.0,49.0,74.0,13,17
183,Pooja,FY,6.0,88.0,12.0,78,81
184,Sneha,FY,46.0,7.0,99.0,64,20
185,Sneha,SY,81.0,27.0,70.0,33,37
186,Arjun,TY,90.0,58.0,50.0,91,67
187,Sneha,TY,78.0,26.0,9.0,56,45
188,Rohit,SY,34.0,59.0,76.0,63,65
189,Pooja,SY,17.0,78.0,36.0,90,1
190,Sneha,FY,41.0,18.0,76.0,43,75
191,Rahul,FY,30.0,42.0,58.0,88,33
192,Priya,TY,-10.0,81.0,43.0,79,13
193,Rahul,SY,74.0,120.0,,87,8
194,Sneha,FY,92.0,74.0,84.0,22,98
195,Sneha,TY,16.0,21.0,3.0,75,11
196,Aman,TY,,60.0,86.0,36,90
197,Arjun,FY,78.0,56.0,49.0,81,72
198,Arjun,SY,,44.0,45.0,100,38
199,Aman,TY,98.0,35.0,49.0,45,86
200,Neha,TY,43.0,10.0,30.0,46,34
201,Rahul,TY,14.0,84.0,49.0,72,68
202,Priya,FY,12.0,54.0,67.0,45,89
203,Priya,SY,11.0,11.0,2.0,77,15
204,Pooja,TY,99.0,33.0,43.0,89,78
205,Arjun,SY,60.0,18.0,6.0,58,76
206,Aman,FY,72.0,19.0,8.0,38,90
207,Rahul,FY,17.0,93.0,8.0,97,59
208,Sneha,FY,100.0,97.0,5.0,51,91
209,Rohit,FY,62.0,,9.0,48,72
210,Aman,TY,7.0,22.0,73.0,19,64
211,Arjun,SY,14.0,68.0,41.0,96,77
212,Rohit,SY,50.0,33.0,40.0,44,52
213,Neha,TY,97.0,23.0,15.0,0,24
214,Sneha,FY,-10.0,31.0,20.0,88,85
215,Arjun,SY,60.0,71.0,92.0,72,4
216,Sneha,SY,56.0,41.0,95.0,98,70
217,Sneha,TY,19.0,91.0,97.0,29,34
218,Arjun,FY,8.0,,32.0,80,68
219,Pooja,TY,79.0,83.0,89.0,82,63
220,Neha,SY,62.0,97.0,48.0,14,42
221,Sneha,SY,33.0,63.0,89.0,37,27
222,Arjun,TY,36.0,57.0,83.0,90,47
223,Neha,SY,15.0,21.0,83.0,14,8
224,Rahul,FY,93.0,63.0,37.0,60,89
225,Pooja,TY,85.0,10.0,99.0,20,6
226,Rohit,FY,46.0,77.0,91.0,62,74
227,Pooja,TY,78.0,75.0,26.0,88,39
228,Rohit,FY,39.0,53.0,90.0,27,73
229,Sneha,FY,29.0,30.0,55.0,38,38
230,Rahul,SY,51.0,28.0,69.0,12,6
231,Arjun,SY,67.0,44.0,2.0,30,91
232,Rohit,TY,58.0,31.0,99.0,94,83
233,Neha,SY,26.0,16.0,55.0,7,11
234,Rahul,SY,78.0,98.0,77.0,20,66
235,Pooja,SY,80.0,0.0,22.0,5,93
236,Priya,FY,24.0,54.0,49.0,44,27
237,Rohit,TY,,81.0,93.0,28,4
238,Aman,TY,47.0,24.0,46.0,40,81
239,Arjun,FY,14.0,16.0,4.0,38,76
240,Rahul,FY,49.0,,33.0,17,42
241,Rohit,TY,66.0,29.0,82.0,9,37
242,Priya,TY,64.0,28.0,15.0,72,7
243,Neha,TY,94.0,27.0,15.0,37,94
244,Priya,TY,21.0,97.0,16.0,24,22
245,Neha,SY,51.0,22.0,99.0,47,47
246,Rahul,TY,59.0,68.0,32.0,64,27
247,Pooja,SY,51.0,33.0,88.0,90,76
248,Pooja,SY,2.0,84.0,37.0,52,33
249,Pooja,SY,86.0,86.0,26.0,47,4
250,Pooja,TY,24.0,3.0,55.0,75,75
251,Aman,FY,74.0,36.0,69.0,13,56
252,Sneha,FY,,38.0,16.0,80,79
253,Rohit,TY,56.0,92.0,0.0,51,100
254,Neha,FY,11.0,66.0,72.0,5,39
255,Sneha,TY,,67.0,87.0,49,65
256,Pooja,TY,10.0,50.0,52.0,14,63
257,Pooja,TY,49.0,9.0,33.0,63,28
258,Rahul,SY,100.0,57.0,96.0,52,29
259,Neha,FY,94.0,87.0,46.0,94,41
260,Rahul,FY,38.0,30.0,29.0,25,29
261,Rohit,TY,58.0,30.0,,52,13
262,Priya,SY,92.0,67.0,84.0,9,34
263,Pooja,SY,50.0,29.0,55.0,59,36
264,Aman,TY,97.0,89.0,80.0,12,94
265,Neha,SY,75.0,,53.0,36,8
266,Priya,TY,42.0,120.0,9.0,71,40
267,Pooja,FY,43.0,68.0,70.0,31,56
268,Priya,TY,98.0,25.0,34.0,50,0
269,Arjun,SY,84.0,17.0,22.0,4,100
270,Sneha,TY,45.0,18.0,82.0,8,79
271,Rahul,TY,38.0,43.0,99.0,80,5
272,Pooja,TY,64.0,48.0,2.0,28,61
273,Neha,SY,14.0,9.0,,22,6
274,Aman,TY,51.0,83.0,82.0,96,36
275,Sneha,TY,24.0,31.0,15.0,75,4
276,Pooja,FY,52.0,69.0,,82,50
277,Neha,SY,48.0,47.0,70.0,16,89
278,Rohit,TY,50.0,100.0,89.0,65,78
279,Sneha,FY,89.0,85.0,69.0,65,92
280,Arjun,SY,60.0,,73.0,74,4
281,Pooja,TY,83.0,91.0,92.0,11,94
282,Rahul,SY,49.0,90.0,1.0,67,7
283,Aman,SY,50.0,60.0,9.0,84,48
284,Aman,SY,16.0,14.0,68.0,4,91
285,Neha,SY,37.0,9.0,67.0,83,65
286,Sneha,FY,93.0,5.0,16.0,81,45
287,Neha,TY,60.0,22.0,23.0,19,85
288,Arjun,TY,84.0,30.0,25.0,48,35
289,Arjun,FY,88.0,40.0,75.0,39,45
290,Aman,FY,81.0,73.0,82.0,90,99
291,Neha,TY,96.0,35.0,47.0,90,6
292,Rohit,TY,60.0,34.0,71.0,8,84
293,Pooja,TY,75.0,96.0,24.0,33,94
294,Priya,FY,69.0,3.0,67.0,41,23
295,Arjun,SY,52.0,62.0,2.0,90,38
296,Arjun,FY,0.0,57.0,40.0,4,37
297,Sneha,TY,27.0,67.0,99.0,53,18
298,Aman,TY,56.0,74.0,71.0,9,45
299,Sneha,SY,74.0,16.0,79.0,19,37
300,Rohit,SY,16.0,98.0,21.0,55,5
301,Pooja,SY,43.0,22.0,56.0,80,86
302,Rohit,TY,84.0,100.0,84.0,29,7
303,Aman,FY,85.0,23.0,43.0,61,40
304,Neha,TY,15.0,,57.0,66,75
305,Neha,FY,61.0,,19.0,52,37
306,Rahul,TY,,6.0,74.0,79,1
307,Sneha,FY,14.0,68.0,64.0,68,30
308,Priya,SY,76.0,78.0,56.0,80,18
309,Rahul,SY,47.0,20.0,80.0,61,56
310,Sneha,FY,,67.0,94.0,44,66
311,Rohit,SY,90.0,52.0,66.0,35,43
312,Sneha,TY,44.0,41.0,36.0,44,97
313,Neha,TY,89.0,47.0,44.0,15,27
314,Rohit,SY,46.0,37.0,55.0,92,33
315,Arjun,FY,53.0,14.0,60.0,87,35
316,Priya,FY,20.0,90.0,5.0,46,45
317,Neha,FY,1.0,,11.0,66,86
318,Rohit,FY,46.0,16.0,44.0,71,37
319,Arjun,SY,61.0,2.0,94.0,24,22
320,Arjun,FY,9.0,34.0,45.0,32,72
321,Rohit,SY,30.0,12.0,35.0,71,75
322,Pooja,FY,46.0,47.0,75.0,39,93
323,Sneha,SY,67.0,41.0,84.0,78,93
324,Arjun,TY,32.0,93.0,96.0,63,24
325,Pooja,TY,61.0,67.0,73.0,22,37
326,Sneha,FY,42.0,87.0,23.0,77,99
327,Pooja,FY,40.0,90.0,45.0,87,45
328,Aman,TY,79.0,88.0,59.0,78,41
329,Neha,FY,,7.0,55.0,72,44
330,Neha,FY,63.0,88.0,27.0,21,10
331,Rohit,SY,12.0,9.0,55.0,98,57
332,Pooja,TY,82.0,88.0,88.0,9,44
333,Sneha,FY,55.0,26.0,25.0,31,20
334,Rahul,SY,50.0,78.0,95.0,38,97
335,Rahul,TY,84.0,92.0,82.0,24,64
336,Rahul,TY,68.0,64.0,94.0,13,67
337,Sneha,FY,36.0,91.0,97.0,73,95
338,Rohit,FY,38.0,70.0,91.0,39,32
339,Sneha,SY,65.0,92.0,15.0,84,19
340,Priya,SY,19.0,95.0,0.0,20,59
341,Priya,SY,4.0,75.0,57.0,46,82
342,Aman,FY,29.0,2.0,63.0,94,58
343,Priya,TY,17.0,13.0,16.0,98,55
344,Sneha,FY,2.0,81.0,79.0,13,34
345,Arjun,TY,63.0,77.0,4.0,23,8
346,Aman,TY,71.0,,18.0,61,25
347,Sneha,FY,97.0,24.0,6.0,78,83
348,Neha,SY,2.0,,28.0,97,31
349,Sneha,TY,18.0,9.0,55.0,42,78
350,Neha,FY,3.0,30.0,9.0,89,63
351,Neha,TY,,63.0,81.0,54,47
352,Pooja,SY,45.0,39.0,99.0,57,59
353,Sneha,TY,8.0,30.0,71.0,64,14
354,Priya,SY,32.0,38.0,47.0,93,61
355,Rahul,SY,,95.0,30.0,70,69
356,Neha,TY,94.0,54.0,43.0,31,81
357,Neha,TY,71.0,41.0,14.0,17,48
358,Rahul,FY,51.0,46.0,52.0,79,39
359,Priya,TY,1.0,87.0,62.0,14,62
360,Sneha,FY,82.0,12.0,100.0,54,83
361,Aman,FY,64.0,36.0,81.0,58,2
362,Aman,TY,32.0,26.0,,88,24
363,Aman,FY,6.0,93.0,35.0,71,38
364,Rahul,FY,69.0,70.0,90.0,68,48
365,Sneha,SY,42.0,11.0,83.0,91,24
366,Rahul,SY,96.0,,,73,67
367,Rahul,SY,51.0,78.0,59.0,9,12
368,Sneha,TY,4.0,83.0,63.0,64,34
369,Rohit,SY,4.0,73.0,44.0,92,55
370,Aman,FY,17.0,28.0,44.0,38,48
371,Rohit,TY,35.0,25.0,86.0,22,92
372,Priya,FY,83.0,63.0,7.0,85,35
373,Pooja,SY,53.0,62.0,73.0,21,52
374,Pooja,SY,35.0,12.0,54.0,35,99
375,Arjun,FY,13.0,32.0,7.0,39,63
376,Sneha,TY,80.0,6.0,79.0,12,58
377,Rahul,TY,31.0,78.0,,90,84
378,Sneha,TY,45.0,96.0,91.0,66,52
379,Aman,FY,80.0,32.0,65.0,5,36
380,Aman,FY,96.0,72.0,88.0,93,27
381,Pooja,SY,44.0,83.0,64.0,22,80
382,Sneha,SY,9.0,28.0,93.0,25,89
383,Sneha,FY,55.0,93.0,42.0,95,46
384,Rahul,SY,77.0,55.0,72.0,25,50
385,Rahul,SY,0.0,70.0,47.0,21,91
386,Sneha,SY,89.0,87.0,,80,73
387,Rahul,TY,95.0,63.0,41.0,79,82
388,Neha,FY,77.0,47.0,82.0,86,32
389,Rohit,FY,54.0,33.0,65.0,27,34
390,Rohit,TY,74.0,76.0,92.0,69,27
391,Arjun,TY,41.0,18.0,19.0,48,43
392,Priya,SY,23.0,41.0,0.0,53,99
393,Arjun,TY,85.0,13.0,11.0,50,63
394,Rahul,TY,29.0,47.0,85.0,3,27
395,Aman,TY,98.0,,41.0,0,11
396,Priya,TY,84.0,62.0,30.0,7,69
397,Pooja,TY,34.0,98.0,12.0,21,85
398,Arjun,TY,40.0,69.0,83.0,21,47
399,Priya,TY,67.0,73.0,77.0,57,51
400,Rahul,TY,4.0,73.0,38.0,54,25
401,Aman,TY,76.0,,21.0,89,86
402,Pooja,TY,37.0,10.0,73.0,25,76
403,Priya,SY,78.0,18.0,79.0,80,46
404,Pooja,TY,14.0,95.0,55.0,88,57
405,Priya,FY,10.0,82.0,2.0,5,71
406,Rohit,FY,93.0,93.0,36.0,14,62
407,Sneha,SY,56.0,9.0,11.0,10,84
408,Neha,TY,32.0,95.0,14.0,7,71
409,Neha,FY,61.0,64.0,28.0,28,77
410,Arjun,TY,73.0,58.0,89.0,87,3
411,Sneha,SY,27.0,80.0,44.0,76,15
412,Neha,SY,87.0,7.0,18.0,62,43
413,Neha,SY,80.0,48.0,63.0,52,37
414,Sneha,SY,69.0,16.0,96.0,78,77
415,Rohit,SY,89.0,78.0,9.0,3,61
416,Pooja,TY,76.0,25.0,26.0,34,65
417,Neha,TY,16.0,30.0,76.0,39,20
418,Rohit,SY,99.0,20.0,43.0,37,56
419,Arjun,TY,10.0,2.0,12.0,32,94
420,Aman,FY,16.0,27.0,18.0,33,21
421,Sneha,SY,81.0,9.0,64.0,88,55
422,Neha,TY,14.0,13.0,,62,31
423,Pooja,FY,22.0,68.0,64.0,48,46
424,Neha,TY,60.0,87.0,60.0,95,24
425,Priya,TY,88.0,1.0,5.0,53,36
426,Rahul,TY,7.0,46.0,91.0,72,55
427,Sneha,SY,52.0,36.0,71.0,70,92
428,Pooja,SY,67.0,57.0,79.0,8,48
429,Pooja,TY,80.0,17.0,50.0,94,8
430,Neha,TY,65.0,78.0,41.0,92,71
431,Arjun,FY,93.0,76.0,12.0,89,11
432,Aman,TY,84.0,21.0,,39,31
433,Rahul,FY,,3.0,,49,3
434,Pooja,TY,23.0,46.0,30.0,52,77
435,Rohit,SY,6.0,52.0,75.0,83,22
436,Sneha,FY,6.0,25.0,92.0,88,44
437,Priya,TY,55.0,67.0,15.0,77,30
438,Rohit,FY,55.0,8.0,48.0,40,22
439,Rohit,TY,,19.0,67.0,98,63
440,Sneha,FY,31.0,53.0,2.0,82,77
441,Priya,SY,15.0,8.0,7.0,95,83
442,Sneha,SY,62.0,45.0,68.0,14,29
443,Priya,TY,13.0,96.0,,64,21
444,Priya,TY,73.0,38.0,100.0,13,99
445,Priya,TY,28.0,3.0,,5,72
446,Sneha,TY,96.0,66.0,10.0,21,90
447,Arjun,FY,55.0,80.0,98.0,24,52
448,Priya,FY,91.0,9.0,6.0,83,22
449,Neha,TY,41.0,61.0,42.0,24,97
450,Arjun,TY,,120.0,25.0,36,15
451,Neha,TY,53.0,39.0,85.0,54,89
452,Rahul,TY,,92.0,39.0,30,28
453,Aman,SY,60.0,27.0,38.0,69,33
454,Rahul,SY,31.0,43.0,95.0,3,95
455,Rohit,SY,3.0,82.0,,84,8
456,Aman,TY,90.0,69.0,,67,25
457,Arjun,TY,85.0,91.0,,42,7
458,Pooja,FY,67.0,51.0,64.0,5,25
459,Aman,FY,10.0,53.0,28.0,38,95
460,Priya,SY,-10.0,62.0,90.0,44,2
461,Rahul,SY,43.0,69.0,21.0,39,26
462,Priya,SY,25.0,31.0,9.0,27,54
463,Aman,TY,32.0,66.0,10.0,76,45
464,Arjun,FY,85.0,74.0,98.0,48,77
465,Sneha,SY,,17.0,37.0,97,12
466,Pooja,SY,15.0,39.0,44.0,4,17
467,Pooja,FY,60.0,14.0,4.0,80,79
468,Sneha,SY,91.0,38.0,79.0,69,53
469,Arjun,SY,91.0,11.0,31.0,60,86
470,Neha,FY,1.0,19.0,74.0,100,99
471,Pooja,TY,1.0,73.0,7.0,22,75
472,Neha,TY,,80.0,47.0,24,49
473,Neha,SY,,45.0,75.0,6,76
474,Priya,FY,65.0,36.0,17.0,96,66
475,Rohit,SY,74.0,64.0,8.0,50,83
476,Rohit,FY,100.0,77.0,76.0,44,33
477,Rahul,SY,63.0,77.0,54.0,45,94
478,Arjun,TY,9.0,79.0,54.0,32,94
479,Arjun,FY,48.0,61.0,,72,69
480,Pooja,FY,53.0,85.0,76.0,66,33
481,Pooja,TY,79.0,38.0,46.0,36,3
482,Aman,FY,89.0,55.0,89.0,91,93
483,Arjun,FY,59.0,62.0,34.0,92,66
484,Priya,FY,98.0,120.0,36.0,49,32
485,Neha,TY,58.0,54.0,19.0,79,5
486,Pooja,TY,19.0,9.0,43.0,9,100
487,Rahul,SY,45.0,28.0,89.0,98,65
488,Priya,SY,62.0,42.0,3.0,61,63
489,Priya,SY,83.0,97.0,20.0,63,0
490,Rohit,SY,98.0,6.0,81.0,70,28
491,Priya,FY,22.0,29.0,93.0,49,1
492,Pooja,SY,90.0,32.0,59.0,75,45
493,Aman,TY,41.0,19.0,79.0,35,15
494,Neha,TY,52.0,58.0,98.0,85,28
495,Pooja,SY,40.0,84.0,8.0,100,27
496,Sneha,FY,94.0,99.0,59.0,94,100
497,Pooja,SY,91.0,86.0,83.0,29,73
498,Sneha,TY,12.0,26.0,1.0,4,69
499,Rohit,FY,47.0,64.0,30.0,6,26
500,Aman,FY,6.0,29.0,22.0,34,31
501,Sneha,SY,56.0,87.0,15.0,95,5
502,Rohit,SY,37.0,67.0,2.0,88,50
503,Rohit,FY,83.0,46.0,59.0,6,41
504,Neha,TY,45.0,73.0,32.0,76,21
505,Rahul,FY,86.0,11.0,72.0,6,92
506,Priya,FY,53.0,91.0,20.0,100,36
507,Arjun,TY,71.0,91.0,0.0,10,60
508,Pooja,SY,65.0,9.0,32.0,19,29
509,Arjun,SY,17.0,8.0,85.0,88,79
510,Pooja,FY,18.0,77.0,26.0,59,52
511,Sneha,SY,38.0,10.0,2.0,25,21
512,Rahul,TY,82.0,62.0,49.0,36,88
513,Rohit,TY,42.0,96.0,93.0,45,47
514,Sneha,TY,25.0,99.0,1.0,27,38
515,Arjun,TY,66.0,43.0,49.0,14,3
516,Rohit,TY,89.0,14.0,89.0,48,3
517,Rahul,SY,55.0,90.0,87.0,70,20
518,Neha,FY,15.0,57.0,,91,47
519,Sneha,TY,94.0,25.0,33.0,53,12
520,Rahul,SY,58.0,63.0,40.0,95,20
521,Arjun,FY,75.0,35.0,97.0,88,22
522,Priya,FY,47.0,97.0,79.0,80,90
523,Sneha,FY,19.0,35.0,65.0,80,45
524,Aman,TY,48.0,86.0,48.0,67,44
525,Sneha,TY,44.0,65.0,9.0,69,79
526,Sneha,TY,100.0,79.0,66.0,60,87
527,Aman,FY,61.0,,30.0,28,85
528,Rohit,SY,98.0,49.0,94.0,92,10
529,Aman,SY,73.0,74.0,47.0,41,10
530,Rahul,SY,90.0,47.0,30.0,64,1
531,Sneha,FY,79.0,,1.0,67,51
532,Rohit,FY,63.0,,94.0,34,36
533,Rohit,TY,6.0,81.0,30.0,65,5
534,Rohit,FY,66.0,40.0,,56,13
535,Pooja,SY,39.0,48.0,12.0,17,90
536,Neha,TY,84.0,39.0,43.0,7,87
537,Pooja,FY,9.0,43.0,77.0,70,94
538,Neha,TY,19.0,91.0,93.0,17,82
539,Priya,SY,18.0,70.0,57.0,25,74
540,Priya,TY,21.0,30.0,20.0,98,54
541,Aman,FY,28.0,23.0,34.0,84,96
542,Aman,FY,14.0,92.0,78.0,22,88
543,Rahul,SY,88.0,62.0,79.0,55,44
544,Rahul,FY,18.0,85.0,85.0,78,21
545,Neha,TY,50.0,14.0,72.0,1,21
546,Sneha,FY,67.0,64.0,10.0,46,18
547,Rohit,TY,89.0,50.0,3.0,30,57
548,Neha,FY,98.0,49.0,75.0,36,65
549,Aman,SY,100.0,36.0,,13,45
550,Priya,TY,87.0,67.0,89.0,86,56
551,Sneha,SY,94.0,42.0,24.0,62,51
552,Rahul,FY,12.0,55.0,71.0,70,60
553,Sneha,FY,63.0,89.0,21.0,45,67
554,Rahul,TY,97.0,71.0,41.0,44,28
555,Rohit,SY,27.0,62.0,80.0,33,65
556,Priya,SY,87.0,73.0,4.0,3,86
557,Arjun,FY,47.0,26.0,30.0,2,44
558,Priya,FY,67.0,19.0,8.0,93,3
559,Rahul,SY,64.0,120.0,80.0,24,5
560,Rohit,SY,87.0,23.0,75.0,18,24
561,Aman,TY,3.0,4.0,60.0,5,40
562,Sneha,SY,45.0,42.0,50.0,11,1
563,Aman,TY,42.0,86.0,53.0,81,11
564,Pooja,TY,22.0,2.0,79.0,47,61
565,Neha,TY,1.0,39.0,32.0,7,31
566,Neha,SY,92.0,2.0,90.0,22,59
567,Arjun,SY,72.0,1.0,92.0,89,63
568,Sneha,TY,82.0,92.0,49.0,3,2
569,Sneha,SY,76.0,41.0,35.0,93,54
570,Sneha,TY,72.0,24.0,14.0,4,87
571,Priya,FY,71.0,55.0,23.0,36,78
572,Aman,FY,22.0,18.0,86.0,83,22
573,Aman,SY,34.0,43.0,14.0,68,64
574,Sneha,FY,62.0,48.0,0.0,27,99
575,Aman,FY,86.0,92.0,12.0,0,34
576,Pooja,FY,72.0,36.0,50.0,42,43
577,Rohit,SY,21.0,89.0,24.0,94,48
578,Rohit,SY,93.0,59.0,87.0,24,63
579,Arjun,FY,92.0,27.0,50.0,34,68
580,Arjun,TY,64.0,34.0,7.0,40,23
581,Priya,FY,17.0,25.0,86.0,20,12
582,Sneha,FY,,74.0,90.0,11,29
583,Arjun,SY,36.0,26.0,7.0,20,14
584,Aman,SY,84.0,95.0,47.0,46,49
585,Neha,FY,56.0,34.0,9.0,26,41
586,Sneha,SY,4.0,66.0,88.0,56,15
587,Priya,TY,45.0,26.0,84.0,95,8
588,Neha,SY,11.0,61.0,66.0,70,30
589,Pooja,FY,10.0,66.0,98.0,20,52
590,Sneha,SY,33.0,32.0,9.0,73,77
591,Rahul,SY,22.0,,8.0,99,87
592,Sneha,FY,50.0,21.0,92.0,71,95
593,Priya,TY,32.0,59.0,78.0,26,74
594,Sneha,FY,19.0,12.0,,34,89
595,Rohit,SY,35.0,20.0,40.0,20,12
596,Arjun,SY,21.0,28.0,36.0,3,14
597,Neha,TY,74.0,85.0,5.0,51,58
598,Aman,FY,32.0,39.0,24.0,5,98
599,Arjun,TY,51.0,67.0,60.0,63,61
600,Arjun,FY,8.0,35.0,27.0,100,5
601,Pooja,FY,90.0,48.0,15.0,49,0
602,Priya,SY,46.0,17.0,2.0,1,52
603,Aman,TY,23.0,70.0,91.0,66,81
604,Pooja,TY,57.0,91.0,30.0,36,69
605,Priya,SY,83.0,37.0,26.0,31,82
606,Aman,FY,9.0,83.0,,22,6
607,Sneha,FY,1.0,58.0,41.0,17,83
608,Neha,FY,83.0,84.0,34.0,31,1
609,Priya,TY,68.0,32.0,77.0,89,11
610,Sneha,TY,3.0,11.0,67.0,83,77
611,Neha,TY,63.0,62.0,88.0,81,30
612,Aman,TY,100.0,95.0,70.0,56,87
613,Neha,SY,-10.0,72.0,62.0,65,78
614,Arjun,FY,47.0,86.0,59.0,91,32
615,Rahul,FY,66.0,17.0,92.0,45,82
616,Aman,SY,64.0,84.0,7.0,12,36
617,Rahul,TY,-10.0,9.0,22.0,11,17
618,Aman,TY,41.0,66.0,64.0,75,3
619,Pooja,FY,20.0,120.0,9.0,73,46
620,Pooja,TY,82.0,66.0,35.0,37,69
621,Rahul,FY,,120.0,20.0,78,7
622,Neha,TY,32.0,72.0,42.0,47,9
623,Sneha,SY,47.0,54.0,51.0,87,9
624,Rahul,TY,15.0,93.0,27.0,12,20
625,Pooja,SY,49.0,96.0,74.0,32,85
626,Priya,FY,27.0,43.0,11.0,73,53
627,Neha,FY,13.0,43.0,54.0,29,10
628,Pooja,FY,60.0,32.0,16.0,3,70
629,Rohit,FY,77.0,86.0,21.0,74,55
630,Rahul,FY,51.0,3.0,37.0,80,82
631,Pooja,FY,6.0,94.0,87.0,70,28
632,Rahul,FY,36.0,32.0,81.0,55,38
633,Arjun,FY,39.0,45.0,24.0,57,11
634,Sneha,SY,35.0,15.0,90.0,15,49
635,Rohit,SY,54.0,62.0,55.0,50,11
636,Pooja,SY,1.0,20.0,11.0,36,34
637,Arjun,FY,28.0,90.0,28.0,65,88
638,Rahul,TY,47.0,6.0,98.0,47,54
639,Sneha,SY,41.0,8.0,75.0,60,85
640,Rahul,TY,67.0,77.0,3.0,34,45
641,Priya,TY,6.0,60.0,6.0,69,52
642,Rohit,SY,,98.0,8.0,60,2
643,Neha,SY,52.0,26.0,59.0,90,0
644,Rohit,TY,81.0,1.0,41.0,48,14
645,Sneha,FY,10.0,67.0,86.0,55,69
646,Priya,TY,13.0,80.0,68.0,11,63
647,Priya,FY,-10.0,88.0,10.0,80,67
648,Sneha,TY,95.0,87.0,23.0,53,59
649,Arjun,FY,94.0,71.0,,33,50
650,Arjun,FY,33.0,96.0,16.0,41,29
651,Sneha,FY,62.0,98.0,54.0,35,57
652,Pooja,FY,46.0,31.0,86.0,15,88
653,Priya,TY,95.0,89.0,83.0,89,71
654,Rahul,TY,64.0,71.0,16.0,8,56
655,Rahul,FY,27.0,68.0,96.0,51,42
656,Rohit,FY,15.0,48.0,31.0,80,2
657,Aman,FY,89.0,120.0,9.0,67,15
658,Rahul,TY,75.0,85.0,5.0,50,84
659,Priya,SY,16.0,68.0,84.0,7,3
660,Aman,FY,31.0,,86.0,32,51
661,Priya,TY,61.0,52.0,,34,29
662,Pooja,FY,47.0,87.0,60.0,79,34
663,Neha,TY,98.0,63.0,85.0,80,37
664,Neha,TY,61.0,30.0,80.0,26,40
665,Pooja,SY,44.0,56.0,82.0,91,92
666,Rahul,TY,8.0,31.0,15.0,91,87
667,Aman,TY,23.0,55.0,63.0,46,66
668,Rahul,TY,49.0,48.0,9.0,59,12
669,Priya,FY,16.0,40.0,39.0,34,68
670,Priya,TY,1.0,53.0,66.0,83,34
671,Rahul,FY,6.0,100.0,88.0,18,63
672,Rahul,FY,88.0,28.0,8.0,11,1
673,Pooja,FY,57.0,78.0,67.0,12,21
674,Arjun,TY,31.0,60.0,93.0,2,5
675,Rohit,SY,12.0,54.0,26.0,18,20
676,Pooja,FY,59.0,41.0,88.0,41,99
677,Sneha,SY,69.0,100.0,73.0,94,50
678,Sneha,SY,10.0,89.0,19.0,20,39
679,Priya,FY,71.0,79.0,72.0,35,93
680,Priya,SY,92.0,90.0,27.0,57,12
681,Arjun,FY,36.0,46.0,29.0,8,46
682,Priya,FY,11.0,31.0,29.0,100,76
683,Pooja,FY,7.0,39.0,32.0,35,16
684,Neha,TY,78.0,3.0,65.0,99,61
685,Pooja,FY,2.0,120.0,70.0,85,46
686,Neha,SY,58.0,100.0,66.0,26,68
687,Arjun,TY,76.0,73.0,94.0,89,13
688,Aman,FY,88.0,81.0,15.0,66,88
689,Rohit,FY,74.0,61.0,0.0,97,93
690,Rohit,TY,55.0,66.0,5.0,40,57
691,Pooja,FY,100.0,53.0,94.0,42,91
692,Sneha,TY,59.0,75.0,76.0,46,59
693,Arjun,FY,51.0,12.0,45.0,77,32
694,Arjun,SY,52.0,41.0,66.0,57,1
695,Rohit,TY,,65.0,26.0,68,77
696,Sneha,SY,31.0,34.0,4.0,59,28
697,Rahul,FY,,,69.0,74,73
698,Sneha,FY,67.0,22.0,41.0,19,4
699,Aman,FY,73.0,13.0,,40,41
700,Priya,FY,94.0,59.0,32.0,51,36
701,Pooja,SY,33.0,41.0,42.0,82,100
702,Arjun,TY,,44.0,82.0,37,12
703,Sneha,SY,49.0,57.0,43.0,48,80
704,Aman,TY,52.0,12.0,61.0,45,49
705,Arjun,TY,88.0,50.0,64.0,29,51
706,Pooja,FY,28.0,30.0,98.0,82,49
707,Aman,FY,35.0,22.0,51.0,81,50
708,Pooja,FY,12.0,48.0,70.0,89,57
709,Arjun,TY,61.0,77.0,89.0,68,83
710,Sneha,FY,76.0,37.0,93.0,4,73
711,Arjun,SY,99.0,75.0,91.0,75,5
712,Arjun,SY,32.0,13.0,79.0,37,18
713,Aman,TY,7.0,98.0,30.0,84,47
714,Rahul,TY,75.0,82.0,26.0,75,58
715,Priya,TY,92.0,38.0,,64,79
716,Arjun,TY,41.0,84.0,24.0,75,23
717,Arjun,FY,99.0,72.0,80.0,9,47
718,Rahul,SY,13.0,10.0,96.0,42,83
719,Sneha,FY,2.0,1.0,26.0,84,46
720,Priya,TY,48.0,34.0,96.0,64,52
721,Pooja,SY,58.0,1.0,87.0,48,78
722,Rahul,SY,76.0,4.0,84.0,56,82
723,Aman,TY,24.0,82.0,0.0,46,2
724,Sneha,SY,77.0,11.0,20.0,60,44
725,Neha,SY,11.0,75.0,5.0,73,35
726,Aman,TY,56.0,23.0,48.0,64,99
727,Aman,FY,47.0,54.0,85.0,9,80
728,Rahul,SY,10.0,90.0,99.0,70,43
729,Arjun,TY,11.0,58.0,39.0,41,63
730,Rohit,FY,100.0,43.0,,46,73
731,Pooja,FY,4.0,1.0,77.0,72,5
732,Sneha,TY,35.0,78.0,57.0,3,19
733,Rohit,FY,9.0,26.0,21.0,67,14
734,Arjun,FY,42.0,33.0,47.0,15,93
735,Aman,FY,71.0,48.0,21.0,15,46
736,Aman,SY,56.0,87.0,83.0,28,19
737,Arjun,SY,95.0,73.0,,33,11
738,Rahul,TY,69.0,96.0,0.0,64,93
739,Pooja,FY,41.0,82.0,58.0,2,85
740,Rahul,TY,9.0,30.0,62.0,50,97
741,Aman,FY,20.0,51.0,21.0,39,37
742,Arjun,SY,42.0,35.0,12.0,44,16
743,Pooja,SY,33.0,47.0,59.0,78,74
744,Rohit,SY,,2.0,95.0,38,71
745,Pooja,TY,63.0,44.0,19.0,30,70
746,Rahul,TY,14.0,59.0,52.0,53,10
747,Pooja,TY,40.0,91.0,1.0,92,58
748,Aman,SY,8.0,19.0,48.0,25,53
749,Rahul,SY,-10.0,13.0,,88,39
750,Rahul,TY,88.0,65.0,41.0,17,26
751,Rohit,TY,99.0,26.0,100.0,33,55
752,Sneha,TY,59.0,84.0,76.0,66,1
753,Arjun,FY,77.0,75.0,62.0,39,67
754,Sneha,FY,46.0,14.0,88.0,92,67
755,Sneha,FY,43.0,88.0,3.0,73,68
756,Sneha,SY,15.0,,77.0,73,37
757,Rahul,FY,40.0,,31.0,44,76
758,Rohit,SY,98.0,93.0,98.0,43,60
759,Rohit,TY,87.0,6.0,90.0,49,93
760,Pooja,SY,44.0,43.0,82.0,35,59
761,Priya,TY,43.0,34.0,25.0,84,26
762,Sneha,FY,81.0,51.0,77.0,30,54
763,Neha,FY,18.0,37.0,,3,19
764,Rahul,SY,2.0,8.0,99.0,11,78
765,Rahul,FY,98.0,32.0,89.0,28,73
766,Rahul,SY,87.0,27.0,13.0,41,60
767,Aman,SY,49.0,23.0,32.0,71,93
768,Aman,FY,31.0,1.0,82.0,26,80
769,Rohit,FY,79.0,74.0,55.0,98,54
770,Sneha,FY,91.0,91.0,93.0,24,19
771,Priya,SY,34.0,35.0,83.0,16,5
772,Pooja,FY,63.0,31.0,38.0,21,26
773,Sneha,TY,28.0,17.0,5.0,87,43
774,Pooja,TY,,9.0,57.0,48,34
775,Arjun,FY,12.0,70.0,23.0,57,13
776,Pooja,FY,83.0,74.0,31.0,55,8
777,Arjun,TY,-10.0,95.0,33.0,72,13
778,Rohit,TY,38.0,42.0,3.0,85,11
779,Neha,SY,39.0,11.0,0.0,73,83
780,Aman,SY,58.0,,24.0,85,89
781,Neha,TY,21.0,17.0,8.0,30,66
782,Rohit,FY,54.0,,68.0,1,91
783,Priya,SY,77.0,37.0,,7,85
784,Priya,FY,100.0,84.0,55.0,34,75
785,Aman,TY,59.0,22.0,78.0,11,75
786,Priya,TY,86.0,44.0,11.0,44,37
787,Neha,TY,68.0,65.0,52.0,49,92
788,Priya,TY,11.0,90.0,36.0,74,85
789,Rahul,TY,64.0,,55.0,79,77
790,Neha,TY,78.0,76.0,13.0,69,68
791,Rohit,TY,24.0,40.0,78.0,75,10
792,Neha,TY,17.0,,64.0,35,34
793,Arjun,TY,62.0,54.0,27.0,53,55
794,Priya,SY,51.0,79.0,97.0,41,58
795,Aman,TY,75.0,10.0,52.0,72,47
796,Rahul,TY,36.0,53.0,85.0,39,98
797,Rahul,SY,72.0,70.0,46.0,39,60
798,Rahul,SY,74.0,62.0,8.0,91,9
799,Rahul,FY,38.0,21.0,51.0,86,87
800,Pooja,TY,40.0,56.0,56.0,65,79
801,Aman,TY,55.0,78.0,57.0,46,26
802,Neha,SY,44.0,8.0,82.0,52,66
803,Aman,TY,12.0,61.0,65.0,44,91
804,Aman,FY,65.0,67.0,49.0,23,37
805,Pooja,SY,71.0,,50.0,10,15
806,Rahul,TY,-10.0,83.0,12.0,52,96
807,Aman,SY,67.0,77.0,77.0,1,65
808,Priya,FY,34.0,50.0,,28,19
809,Aman,TY,61.0,19.0,41.0,44,9
810,Neha,FY,37.0,77.0,38.0,97,6
811,Rohit,TY,43.0,86.0,93.0,73,85
812,Aman,FY,43.0,22.0,89.0,12,12
813,Aman,SY,60.0,17.0,5.0,10,20
814,Rahul,TY,9.0,20.0,81.0,46,63
815,Pooja,TY,22.0,13.0,10.0,25,33
816,Pooja,TY,82.0,42.0,40.0,48,49
817,Rahul,FY,14.0,31.0,0.0,19,35
818,Arjun,TY,45.0,92.0,28.0,44,90
819,Pooja,SY,14.0,89.0,98.0,61,42
820,Arjun,SY,61.0,13.0,87.0,74,28
821,Pooja,SY,30.0,61.0,72.0,83,43
822,Priya,FY,97.0,,24.0,71,65
823,Aman,FY,68.0,42.0,25.0,89,53
824,Priya,TY,62.0,73.0,28.0,82,21
825,Rahul,TY,2.0,94.0,82.0,27,26
826,Neha,TY,20.0,50.0,51.0,1,88
827,Pooja,TY,17.0,61.0,55.0,6,93
828,Arjun,FY,88.0,97.0,40.0,53,71
829,Neha,TY,,31.0,65.0,2,94
830,Neha,SY,,,90.0,93,16
831,Aman,FY,11.0,47.0,48.0,31,37
832,Aman,SY,27.0,51.0,90.0,66,6
833,Arjun,SY,15.0,60.0,15.0,73,24
834,Sneha,SY,19.0,37.0,93.0,24,92
835,Rohit,SY,45.0,82.0,46.0,15,0
836,Arjun,TY,30.0,43.0,45.0,53,68
837,Rohit,TY,98.0,23.0,49.0,7,55
838,Aman,SY,81.0,24.0,40.0,52,69
839,Neha,FY,82.0,28.0,3.0,98,30
840,Rahul,SY,81.0,8.0,,28,25
841,Rahul,FY,58.0,33.0,90.0,78,95
842,Neha,SY,57.0,37.0,15.0,14,20
843,Rahul,SY,,84.0,7.0,68,88
844,Pooja,FY,97.0,54.0,30.0,49,21
845,Rahul,FY,15.0,120.0,35.0,27,32
846,Sneha,SY,,54.0,86.0,11,49
847,Sneha,FY,68.0,99.0,48.0,98,26
848,Arjun,TY,15.0,94.0,67.0,0,23
849,Pooja,TY,,84.0,46.0,33,58
850,Sneha,SY,22.0,59.0,66.0,95,54
851,Pooja,FY,95.0,71.0,24.0,24,32
852,Aman,SY,46.0,76.0,81.0,85,58
853,Arjun,SY,6.0,120.0,64.0,87,32
854,Neha,TY,61.0,,13.0,56,62
855,Arjun,SY,16.0,96.0,65.0,68,35
856,Arjun,SY,64.0,14.0,48.0,80,29
857,Neha,TY,63.0,43.0,36.0,11,51
858,Priya,TY,,43.0,19.0,73,16
859,Arjun,TY,78.0,69.0,2.0,61,91
860,Rahul,TY,36.0,13.0,58.0,47,47
861,Arjun,SY,61.0,73.0,67.0,3,88
862,Arjun,SY,65.0,64.0,29.0,78,76
863,Neha,FY,8.0,79.0,83.0,80,86
864,Rohit,FY,35.0,,44.0,72,99
865,Arjun,FY,44.0,7.0,,36,3
866,Neha,SY,1.0,46.0,91.0,3,2
867,Aman,TY,63.0,17.0,43.0,17,67
868,Pooja,TY,14.0,81.0,87.0,31,50
869,Priya,FY,52.0,81.0,21.0,23,35
870,Pooja,SY,55.0,61.0,67.0,89,55
871,Sneha,FY,47.0,81.0,49.0,65,68
872,Pooja,FY,67.0,20.0,35.0,87,15
873,Rohit,SY,52.0,39.0,67.0,66,98
874,Sneha,FY,70.0,76.0,56.0,72,28
875,Neha,TY,65.0,46.0,42.0,76,8
876,Sneha,SY,36.0,61.0,,12,91
877,Rohit,FY,2.0,44.0,56.0,24,89
878,Neha,FY,11.0,37.0,77.0,53,22
879,Rohit,FY,30.0,12.0,6.0,54,96
880,Rahul,FY,27.0,60.0,88.0,87,17
881,Aman,TY,-10.0,83.0,,53,76
882,Neha,FY,38.0,48.0,5.0,96,8
883,Priya,FY,49.0,98.0,10.0,11,31
884,Arjun,TY,55.0,99.0,4.0,47,47
885,Priya,FY,41.0,95.0,47.0,24,97
886,Sneha,FY,60.0,,7.0,22,47
887,Sneha,FY,4.0,58.0,100.0,53,8
888,Priya,FY,5.0,78.0,20.0,14,73
889,Priya,TY,57.0,57.0,48.0,14,28
890,Priya,TY,51.0,68.0,2.0,30,99
891,Pooja,FY,83.0,86.0,71.0,59,94
892,Neha,FY,18.0,7.0,85.0,20,1
893,Priya,SY,24.0,,27.0,2,70
894,Arjun,SY,13.0,66.0,68.0,58,96
895,Arjun,TY,80.0,0.0,22.0,49,90
896,Aman,SY,22.0,14.0,19.0,32,44
897,Pooja,FY,27.0,51.0,84.0,71,45
898,Priya,SY,75.0,65.0,0.0,19,55
899,Rahul,SY,96.0,75.0,31.0,83,24
900,Rahul,SY,1.0,15.0,2.0,100,29
901,Neha,SY,38.0,8.0,43.0,47,7
902,Aman,SY,9.0,41.0,29.0,56,78
903,Rohit,TY,39.0,58.0,62.0,84,64
904,Priya,SY,16.0,70.0,35.0,96,97
905,Priya,SY,70.0,,81.0,42,41
906,Sneha,TY,0.0,74.0,28.0,44,58
907,Rohit,TY,47.0,19.0,26.0,28,64
908,Priya,SY,4.0,7.0,22.0,19,7
909,Arjun,SY,49.0,31.0,72.0,0,29
910,Neha,TY,4.0,61.0,9.0,43,7
911,Rohit,TY,26.0,29.0,2.0,80,31
912,Aman,FY,19.0,49.0,29.0,68,10
913,Sneha,FY,99.0,85.0,13.0,53,1
914,Sneha,FY,84.0,,52.0,67,50
915,Rahul,SY,,0.0,1.0,52,82
916,Rohit,FY,57.0,20.0,29.0,87,72
917,Neha,SY,21.0,25.0,69.0,21,71
918,Pooja,TY,12.0,69.0,30.0,87,24
919,Sneha,FY,28.0,34.0,76.0,57,45
920,Arjun,FY,34.0,27.0,100.0,84,45
921,Neha,SY,30.0,9.0,75.0,39,21
922,Sneha,SY,0.0,33.0,2.0,42,64
923,Priya,TY,69.0,20.0,17.0,35,18
924,Arjun,TY,7.0,0.0,54.0,47,54
925,Priya,SY,85.0,55.0,89.0,41,44
926,Neha,SY,59.0,,56.0,75,75
927,Pooja,SY,25.0,63.0,2.0,38,33
928,Rohit,TY,11.0,45.0,83.0,37,10
929,Aman,FY,23.0,61.0,40.0,14,15
930,Rahul,FY,89.0,52.0,59.0,96,27
931,Arjun,FY,51.0,18.0,48.0,28,18
932,Sneha,TY,44.0,60.0,33.0,71,22
933,Sneha,SY,34.0,59.0,21.0,30,3
934,Arjun,FY,15.0,35.0,59.0,20,81
935,Arjun,SY,,,74.0,93,69
936,Sneha,FY,33.0,40.0,1.0,41,99
937,Neha,FY,62.0,32.0,61.0,39,57
938,Pooja,FY,5.0,1.0,100.0,66,62
939,Rohit,TY,,81.0,19.0,43,14
940,Aman,TY,41.0,50.0,61.0,0,57
941,Rahul,TY,44.0,36.0,34.0,89,8
942,Pooja,TY,-10.0,14.0,18.0,10,100
943,Aman,SY,36.0,97.0,56.0,69,69
944,Aman,FY,16.0,39.0,41.0,27,33
945,Priya,SY,,20.0,15.0,56,30
946,Arjun,FY,47.0,34.0,76.0,96,48
947,Sneha,TY,38.0,83.0,46.0,51,37
948,Rahul,SY,63.0,95.0,76.0,87,34
949,Rahul,SY,-10.0,31.0,49.0,19,28
950,Sneha,TY,13.0,10.0,11.0,80,2
951,Aman,TY,80.0,64.0,99.0,81,100
952,Priya,SY,17.0,33.0,36.0,91,73
953,Pooja,TY,,98.0,99.0,32,91
954,Aman,SY,10.0,12.0,,24,94
955,Aman,FY,92.0,98.0,12.0,57,5
956,Rohit,SY,,17.0,74.0,58,14
957,Aman,SY,54.0,18.0,93.0,38,60
958,Rahul,TY,30.0,96.0,43.0,4,9
959,Pooja,FY,70.0,73.0,36.0,38,75
960,Aman,SY,16.0,79.0,31.0,56,11
961,Aman,TY,73.0,51.0,99.0,98,19
962,Neha,SY,,64.0,21.0,91,77
963,Arjun,TY,10.0,68.0,7.0,50,30
964,Pooja,SY,92.0,7.0,,37,35
965,Neha,FY,67.0,60.0,58.0,84,12
966,Arjun,FY,28.0,45.0,91.0,81,65
967,Arjun,SY,21.0,5.0,4.0,39,19
968,Sneha,FY,25.0,11.0,39.0,20,21
969,Rohit,FY,2.0,6.0,11.0,10,70
970,Aman,FY,49.0,82.0,91.0,57,39
971,Aman,FY,49.0,67.0,7.0,3,3
972,Neha,FY,38.0,40.0,66.0,55,72
973,Pooja,TY,0.0,24.0,83.0,21,25
974,Rohit,TY,18.0,43.0,99.0,0,98
975,Aman,TY,51.0,,7.0,14,16
976,Aman,SY,42.0,95.0,10.0,51,20
977,Rahul,SY,24.0,38.0,99.0,8,73
978,Sneha,FY,45.0,70.0,98.0,47,17
979,Arjun,TY,47.0,19.0,67.0,43,42
980,Rohit,FY,78.0,89.0,47.0,8,30
981,Rahul,SY,70.0,50.0,7.0,70,81
982,Aman,TY,37.0,64.0,40.0,6,46
983,Aman,FY,14.0,,54.0,76,3
984,Rahul,TY,37.0,8.0,76.0,11,39
985,Pooja,FY,49.0,87.0,82.0,97,85
986,Arjun,SY,79.0,72.0,74.0,98,0
987,Rohit,FY,4.0,,19.0,99,61
988,Neha,FY,20.0,58.0,16.0,48,67
989,Pooja,FY,27.0,59.0,62.0,63,40
990,Sneha,SY,83.0,55.0,53.0,98,5
991,Sneha,SY,100.0,54.0,59.0,4,56
992,Aman,TY,40.0,14.0,49.0,95,60
993,Rahul,TY,77.0,64.0,35.0,84,48
994,Neha,FY,34.0,9.0,72.0,60,56
995,Aman,FY,70.0,17.0,69.0,1,86
996,Pooja,FY,5.0,83.0,57.0,54,81
997,Pooja,FY,44.0,33.0,78.0,45,15
998,Sneha,FY,86.0,82.0,17.0,95,84
999,Sneha,TY,51.0,86.0,23.0,19,24
1000,Aman,SY,22.0,9.0,81.0,68,97
1001,Priya,FY,69.0,100.0,48.0,49,12
1002,Pooja,FY,21.0,32.0,74.0,31,62
1003,Aman,TY,52.0,32.0,48.0,48,88
1004,Neha,TY,26.0,42.0,79.0,75,30
1005,Arjun,TY,58.0,2.0,50.0,52,28
1006,Neha,SY,50.0,13.0,4.0,44,69
1007,Neha,SY,46.0,26.0,76.0,94,38
1008,Rahul,FY,42.0,52.0,66.0,39,89
1009,Aman,FY,74.0,44.0,,78,37
1010,Pooja,TY,89.0,95.0,25.0,35,9
1011,Aman,FY,47.0,63.0,78.0,51,57
1012,Sneha,FY,88.0,42.0,84.0,52,40
1013,Priya,TY,57.0,120.0,48.0,16,100
1014,Arjun,FY,36.0,79.0,97.0,55,3
1015,Rahul,FY,30.0,7.0,77.0,42,53
1016,Rahul,FY,46.0,87.0,36.0,76,55
1017,Aman,SY,57.0,48.0,26.0,45,0
1018,Pooja,SY,89.0,32.0,92.0,28,95
1019,Rahul,SY,5.0,95.0,78.0,80,17
1020,Sneha,FY,3.0,73.0,89.0,42,93
1021,Aman,FY,65.0,30.0,82.0,11,53
1022,Pooja,FY,13.0,,9.0,48,30
1023,Priya,TY,48.0,66.0,40.0,93,16
1024,Aman,TY,95.0,34.0,46.0,57,15
1025,Rohit,SY,76.0,20.0,51.0,68,25
1026,Neha,SY,34.0,63.0,37.0,90,10
1027,Arjun,FY,86.0,12.0,62.0,49,76
1028,Priya,SY,49.0,63.0,7.0,33,98
1029,Pooja,SY,23.0,55.0,75.0,22,90
1030,Sneha,SY,92.0,52.0,39.0,44,91
1031,Sneha,FY,58.0,87.0,52.0,41,32
1032,Sneha,TY,83.0,22.0,67.0,23,19
1033,Aman,TY,33.0,93.0,18.0,27,93
1034,Priya,FY,74.0,40.0,4.0,51,37
1035,Rahul,TY,88.0,27.0,26.0,35,45
1036,Neha,TY,3.0,56.0,90.0,69,73
1037,Rahul,TY,60.0,120.0,53.0,51,95
1038,Rohit,FY,67.0,0.0,39.0,13,95
1039,Priya,FY,48.0,2.0,17.0,92,1
1040,Priya,TY,87.0,73.0,1.0,20,16
1041,Rahul,FY,42.0,59.0,,60,8
1042,Priya,FY,22.0,120.0,20.0,55,19
1043,Arjun,TY,61.0,80.0,75.0,1,72
1044,Neha,SY,,57.0,98.0,78,92
1045,Priya,TY,0.0,56.0,69.0,80,28
1046,Pooja,TY,61.0,89.0,56.0,77,12
1047,Pooja,TY,-10.0,46.0,,0,17
1048,Neha,TY,73.0,0.0,38.0,86,97
1049,Rahul,FY,20.0,50.0,11.0,96,1
1050,Aman,SY,42.0,,5.0,100,84
1051,Aman,SY,6.0,92.0,5.0,34,78
1052,Neha,TY,3.0,95.0,71.0,6,100
1053,Rahul,FY,86.0,41.0,68.0,12,70
1054,Aman,SY,15.0,60.0,58.0,72,88
1055,Pooja,SY,77.0,27.0,70.0,7,84
1056,Rahul,FY,25.0,17.0,89.0,49,68
1057,Pooja,FY,59.0,49.0,100.0,1,56
1058,Priya,TY,95.0,87.0,49.0,37,66
1059,Sneha,FY,11.0,,51.0,99,24
1060,Rohit,SY,82.0,81.0,33.0,19,88
1061,Rahul,SY,11.0,91.0,6.0,41,50
1062,Sneha,SY,45.0,42.0,,76,16
1063,Rohit,FY,47.0,5.0,51.0,22,13
1064,Rahul,SY,72.0,71.0,42.0,26,25
1065,Neha,TY,22.0,94.0,63.0,58,7
1066,Arjun,FY,2.0,1.0,97.0,47,76
1067,Arjun,FY,13.0,2.0,86.0,35,75
1068,Rohit,SY,20.0,86.0,73.0,76,45
1069,Arjun,SY,22.0,52.0,94.0,76,95
1070,Sneha,FY,17.0,39.0,68.0,64,95
1071,Priya,FY,,,,89,93
1072,Arjun,TY,87.0,32.0,43.0,78,48
1073,Pooja,TY,5.0,32.0,38.0,45,36
1074,Sneha,TY,40.0,9.0,14.0,56,73
1075,Pooja,SY,20.0,33.0,64.0,51,59
1076,Sneha,FY,15.0,26.0,36.0,45,58
1077,Aman,FY,31.0,26.0,95.0,31,98
1078,Aman,TY,49.0,120.0,10.0,57,12
1079,Sneha,SY,72.0,85.0,81.0,59,91
1080,Pooja,SY,74.0,25.0,85.0,18,7
1081,Rohit,TY,97.0,71.0,43.0,50,12
1082,Pooja,TY,87.0,27.0,,49,38
1083,Aman,TY,51.0,84.0,12.0,46,8
1084,Rahul,SY,68.0,77.0,4.0,33,85
1085,Rohit,TY,-10.0,1.0,34.0,77,49
1086,Rahul,FY,19.0,29.0,13.0,28,52
1087,Rohit,FY,87.0,47.0,32.0,56,21
1088,Rahul,SY,5.0,40.0,12.0,3,11
1089,Neha,FY,91.0,2.0,80.0,73,47
1090,Rahul,SY,92.0,,8.0,14,19
1091,Rahul,TY,84.0,58.0,55.0,17,53
1092,Rahul,FY,,120.0,75.0,21,34
1093,Neha,SY,78.0,48.0,85.0,11,17
1094,Sneha,TY,99.0,78.0,40.0,55,53
1095,Arjun,TY,47.0,58.0,15.0,89,73
1096,Rahul,TY,28.0,2.0,53.0,83,72
1097,Rahul,TY,97.0,26.0,31.0,0,20
1098,Rohit,SY,,92.0,93.0,70,55
1099,Sneha,SY,50.0,0.0,29.0,51,73
1100,Pooja,SY,46.0,17.0,,81,56
1101,Rahul,TY,60.0,79.0,86.0,43,45
1102,Rahul,TY,82.0,89.0,54.0,3,65
1103,Priya,TY,23.0,37.0,46.0,31,78
1104,Rohit,SY,-10.0,17.0,19.0,21,9
1105,Sneha,SY,50.0,55.0,74.0,18,92
1106,Sneha,TY,35.0,71.0,71.0,35,33
1107,Neha,TY,59.0,21.0,37.0,77,74
1108,Neha,TY,95.0,3.0,13.0,99,50
1109,Pooja,TY,35.0,35.0,31.0,28,97
1110,Rohit,SY,22.0,36.0,76.0,40,25
1111,Neha,SY,10.0,3.0,1.0,18,86
1112,Rahul,SY,74.0,21.0,38.0,9,65
1113,Neha,FY,1.0,65.0,20.0,34,29
1114,Arjun,TY,41.0,120.0,42.0,63,10
1115,Rohit,SY,99.0,16.0,25.0,6,57
1116,Rohit,TY,,40.0,78.0,58,19
1117,Sneha,FY,98.0,39.0,32.0,86,24
1118,Neha,FY,70.0,46.0,45.0,34,26
1119,Neha,TY,75.0,11.0,73.0,95,66
1120,Neha,FY,51.0,33.0,57.0,92,34
1121,Sneha,TY,49.0,59.0,51.0,49,84
1122,Arjun,SY,74.0,35.0,54.0,4,53
1123,Rohit,TY,35.0,44.0,77.0,99,72
1124,Rahul,SY,-10.0,71.0,95.0,67,66
1125,Rahul,TY,79.0,,80.0,61,48
1126,Rohit,TY,99.0,82.0,78.0,73,83
1127,Sneha,TY,30.0,73.0,51.0,33,2
1128,Priya,SY,17.0,13.0,54.0,97,60
1129,Priya,FY,32.0,29.0,30.0,50,57
1130,Aman,TY,7.0,71.0,29.0,83,29
1131,Aman,TY,96.0,59.0,69.0,75,12
1132,Aman,SY,87.0,34.0,33.0,53,25
1133,Aman,TY,86.0,25.0,23.0,81,62
1134,Priya,SY,57.0,91.0,7.0,73,91
1135,Rohit,SY,48.0,82.0,46.0,72,53
1136,Arjun,FY,81.0,2.0,81.0,19,61
1137,Pooja,TY,41.0,93.0,14.0,21,67
1138,Pooja,FY,65.0,120.0,60.0,79,30
1139,Priya,TY,79.0,18.0,71.0,42,1
1140,Rohit,FY,,53.0,47.0,86,28
1141,Sneha,TY,71.0,28.0,77.0,5,5
1142,Pooja,TY,21.0,21.0,76.0,48,100
1143,Priya,SY,64.0,76.0,97.0,75,45
1144,Aman,SY,68.0,64.0,52.0,84,11
1145,Pooja,SY,45.0,28.0,58.0,59,100
1146,Sneha,FY,1.0,120.0,62.0,1,100
1147,Sneha,TY,80.0,64.0,41.0,88,95
1148,Rohit,SY,37.0,51.0,58.0,58,84
1149,Sneha,SY,87.0,22.0,,51,7
1150,Neha,SY,87.0,60.0,9.0,77,73
1151,Neha,SY,27.0,80.0,75.0,40,14
1152,Sneha,SY,60.0,10.0,83.0,23,7
1153,Neha,FY,-10.0,53.0,15.0,84,82
1154,Neha,TY,70.0,79.0,26.0,98,2
1155,Pooja,TY,98.0,51.0,18.0,44,28
1156,Sneha,TY,43.0,71.0,22.0,37,73
1157,Aman,SY,36.0,3.0,33.0,13,26
1158,Pooja,FY,6.0,20.0,21.0,40,2
1159,Rohit,TY,92.0,,31.0,86,53
1160,Rohit,SY,59.0,55.0,22.0,68,74
1161,Sneha,TY,51.0,100.0,59.0,30,81
1162,Neha,TY,57.0,80.0,93.0,69,20
1163,Rahul,SY,73.0,,57.0,99,56
1164,Rohit,TY,35.0,120.0,88.0,82,51
1165,Pooja,FY,54.0,44.0,29.0,11,84
1166,Priya,TY,73.0,64.0,16.0,63,87
1167,Neha,SY,,,55.0,42,78
1168,Pooja,TY,93.0,23.0,16.0,75,41
1169,Arjun,TY,62.0,13.0,64.0,87,21
1170,Priya,FY,83.0,80.0,68.0,64,84
1171,Rahul,SY,8.0,33.0,28.0,39,79
1172,Pooja,TY,63.0,44.0,93.0,45,63
1173,Priya,SY,,43.0,19.0,88,94
1174,Rohit,FY,54.0,35.0,10.0,61,43
1175,Sneha,TY,16.0,120.0,11.0,66,44
1176,Aman,FY,8.0,14.0,81.0,95,72
1177,Rahul,SY,64.0,25.0,97.0,24,60
1178,Arjun,SY,77.0,67.0,50.0,67,28
1179,Sneha,SY,91.0,6.0,15.0,97,13
1180,Aman,SY,47.0,21.0,,60,43
1181,Neha,FY,27.0,57.0,81.0,86,14
1182,Rahul,TY,52.0,92.0,72.0,32,76
1183,Pooja,FY,96.0,42.0,8.0,8,76
1184,Pooja,FY,76.0,5.0,14.0,62,34
1185,Pooja,FY,34.0,86.0,30.0,8,15
1186,Aman,SY,42.0,70.0,,70,21
1187,Priya,SY,80.0,80.0,48.0,14,17
1188,Rohit,SY,39.0,11.0,45.0,53,95
1189,Priya,SY,93.0,59.0,14.0,8,26
1190,Sneha,SY,,20.0,62.0,99,79
1191,Sneha,TY,30.0,79.0,26.0,18,72
1192,Sneha,SY,-10.0,35.0,73.0,37,40
1193,Sneha,FY,57.0,29.0,67.0,65,26
1194,Priya,SY,87.0,33.0,35.0,18,30
1195,Rohit,FY,77.0,25.0,26.0,58,32
1196,Arjun,TY,33.0,36.0,11.0,36,6
1197,Neha,FY,87.0,60.0,92.0,23,76
1198,Neha,SY,85.0,80.0,,40,24
1199,Rohit,TY,,26.0,4.0,36,60
1200,Neha,SY,75.0,2.0,9.0,63,47
1201,Rohit,SY,15.0,80.0,1.0,75,10
1202,Neha,TY,-10.0,18.0,84.0,19,2
1203,Sneha,TY,12.0,32.0,12.0,67,67
1204,Aman,SY,44.0,41.0,89.0,42,73
1205,Pooja,FY,90.0,43.0,85.0,83,57
1206,Sneha,FY,58.0,22.0,51.0,82,2
1207,Rohit,TY,94.0,63.0,,15,61
1208,Pooja,FY,29.0,120.0,86.0,87,19
1209,Aman,FY,92.0,,46.0,78,93
1210,Arjun,FY,32.0,94.0,90.0,50,10
1211,Arjun,FY,75.0,43.0,56.0,56,70
1212,Priya,TY,-10.0,28.0,29.0,23,50
1213,Rohit,TY,20.0,1.0,88.0,17,14
1214,Rohit,FY,100.0,27.0,59.0,64,88
1215,Arjun,SY,,9.0,11.0,9,55
1216,Arjun,SY,87.0,6.0,0.0,10,85
1217,Sneha,FY,50.0,51.0,,36,35
1218,Rohit,SY,39.0,16.0,32.0,69,39
1219,Pooja,TY,96.0,28.0,88.0,60,48
1220,Pooja,SY,66.0,99.0,64.0,85,83
1221,Priya,SY,8.0,96.0,91.0,99,97
1222,Arjun,TY,8.0,20.0,30.0,73,63
1223,Pooja,TY,,48.0,47.0,6,31
1224,Priya,SY,4.0,57.0,75.0,39,1
1225,Priya,SY,-10.0,65.0,96.0,87,67
1226,Priya,FY,19.0,41.0,76.0,96,22
1227,Rahul,TY,20.0,15.0,94.0,26,41
1228,Aman,SY,97.0,100.0,46.0,12,95
1229,Neha,FY,89.0,,25.0,54,5
1230,Neha,SY,,,,31,1
1231,Arjun,TY,26.0,85.0,7.0,27,8
1232,Neha,FY,11.0,33.0,73.0,58,65
1233,Pooja,SY,15.0,40.0,21.0,48,16
1234,Neha,SY,1.0,35.0,92.0,86,29
1235,Rohit,SY,3.0,71.0,72.0,18,82
1236,Aman,SY,-10.0,61.0,,86,68
1237,Neha,SY,88.0,87.0,51.0,91,54
1238,Neha,TY,73.0,28.0,23.0,43,74
1239,Priya,SY,15.0,53.0,90.0,94,59
1240,Rohit,FY,58.0,4.0,52.0,8,47
1241,Priya,FY,39.0,76.0,17.0,4,89
1242,Neha,TY,49.0,40.0,84.0,18,1
1243,Pooja,SY,98.0,66.0,62.0,34,52
1244,Arjun,TY,,96.0,13.0,17,69
1245,Neha,TY,52.0,,50.0,26,19
1246,Aman,SY,59.0,81.0,84.0,80,56
1247,Arjun,TY,15.0,60.0,28.0,71,46
1248,Rohit,SY,7.0,81.0,60.0,48,39
1249,Priya,SY,29.0,9.0,42.0,64,93
1250,Arjun,TY,11.0,,24.0,88,59
1251,Pooja,SY,39.0,49.0,6.0,56,52
1252,Neha,TY,95.0,35.0,14.0,98,41
1253,Arjun,TY,85.0,45.0,86.0,69,29
1254,Arjun,FY,89.0,51.0,26.0,22,93
1255,Aman,FY,45.0,35.0,50.0,65,19
1256,Arjun,TY,61.0,95.0,20.0,84,11
1257,Priya,FY,24.0,49.0,28.0,65,58
1258,Neha,SY,59.0,12.0,87.0,89,31
1259,Pooja,FY,57.0,93.0,99.0,65,49
1260,Neha,TY,61.0,24.0,,37,42
1261,Sneha,TY,18.0,48.0,15.0,36,27
1262,Neha,SY,16.0,60.0,56.0,75,38
1263,Neha,SY,28.0,79.0,21.0,6,99
1264,Neha,SY,6.0,25.0,60.0,22,100
1265,Sneha,FY,54.0,60.0,24.0,17,62
1266,Aman,FY,92.0,77.0,74.0,99,1
1267,Aman,SY,45.0,6.0,30.0,98,16
1268,Aman,TY,22.0,13.0,97.0,59,78
1269,Rahul,SY,71.0,12.0,74.0,59,74
1270,Aman,FY,29.0,58.0,80.0,22,78
1271,Sneha,SY,,86.0,19.0,59,71
1272,Rahul,SY,57.0,,21.0,54,55
1273,Neha,FY,63.0,,73.0,59,86
1274,Aman,FY,29.0,37.0,29.0,61,92
1275,Priya,SY,27.0,30.0,53.0,19,42
1276,Neha,TY,-10.0,,71.0,71,28
1277,Arjun,TY,39.0,120.0,12.0,89,46
1278,Sneha,FY,84.0,30.0,78.0,25,49
1279,Sneha,FY,77.0,65.0,28.0,24,29
1280,Rohit,TY,83.0,35.0,11.0,92,22
1281,Neha,FY,33.0,4.0,91.0,6,54
1282,Priya,SY,87.0,77.0,93.0,20,0
1283,Priya,FY,0.0,29.0,70.0,57,1
1284,Neha,TY,7.0,92.0,98.0,3,52
1285,Aman,FY,63.0,98.0,96.0,2,17
1286,Pooja,FY,36.0,70.0,53.0,65,71
1287,Aman,SY,66.0,91.0,75.0,70,89
1288,Rohit,TY,27.0,34.0,25.0,84,75
1289,Arjun,TY,40.0,89.0,70.0,70,25
1290,Rohit,TY,16.0,91.0,15.0,99,80
1291,Rahul,SY,44.0,49.0,16.0,13,42
1292,Pooja,SY,38.0,92.0,15.0,84,95
1293,Sneha,FY,94.0,55.0,68.0,87,85
1294,Priya,TY,21.0,78.0,67.0,81,83
1295,Neha,TY,21.0,52.0,,52,0
1296,Priya,SY,32.0,4.0,67.0,37,59
1297,Aman,SY,7.0,30.0,100.0,27,66
1298,Pooja,FY,-10.0,70.0,35.0,81,62
1299,Neha,FY,43.0,3.0,92.0,5,71
1300,Rahul,SY,72.0,34.0,73.0,4,17
1301,Rohit,TY,,53.0,71.0,39,7
1302,Pooja,SY,46.0,66.0,28.0,95,51
1303,Aman,TY,88.0,32.0,5.0,30,27
1304,Rahul,SY,94.0,63.0,5.0,49,55
1305,Rahul,FY,53.0,13.0,14.0,19,12
1306,Pooja,SY,72.0,32.0,,41,33
1307,Pooja,TY,0.0,54.0,76.0,37,43
1308,Priya,SY,31.0,11.0,14.0,37,27
1309,Sneha,SY,74.0,,22.0,57,55
1310,Rahul,SY,93.0,96.0,49.0,69,37
1311,Sneha,TY,34.0,17.0,49.0,50,6
1312,Rohit,FY,43.0,48.0,31.0,57,73
1313,Sneha,FY,37.0,5.0,74.0,51,73
1314,Priya,SY,60.0,26.0,77.0,72,64
1315,Priya,SY,84.0,87.0,67.0,39,93
1316,Priya,TY,20.0,86.0,26.0,90,19
1317,Priya,FY,72.0,6.0,90.0,19,32
1318,Neha,SY,1.0,7.0,83.0,89,4
1319,Rahul,TY,64.0,4.0,4.0,46,71
1320,Neha,TY,97.0,81.0,0.0,84,85
1321,Priya,FY,78.0,8.0,36.0,75,90
1322,Arjun,FY,11.0,99.0,78.0,51,35
1323,Rohit,TY,58.0,93.0,31.0,99,77
1324,Priya,TY,17.0,29.0,27.0,81,28
1325,Rahul,FY,35.0,28.0,,9,90
1326,Aman,TY,63.0,23.0,87.0,65,49
1327,Rahul,SY,2.0,84.0,28.0,55,92
1328,Rahul,TY,26.0,54.0,12.0,16,57
1329,Rahul,FY,5.0,45.0,58.0,67,25
1330,Rahul,FY,94.0,45.0,51.0,12,77
1331,Sneha,TY,47.0,18.0,39.0,21,32
1332,Priya,SY,17.0,87.0,53.0,37,37
1333,Rohit,SY,21.0,27.0,93.0,8,25
1334,Neha,SY,68.0,14.0,85.0,6,54
1335,Arjun,FY,32.0,27.0,44.0,61,67
1336,Sneha,SY,2.0,13.0,32.0,60,58
1337,Rahul,FY,92.0,53.0,15.0,36,88
1338,Aman,TY,97.0,7.0,31.0,59,12
1339,Sneha,SY,26.0,69.0,62.0,72,60
1340,Arjun,SY,15.0,56.0,,46,8
1341,Neha,SY,29.0,96.0,14.0,57,12
1342,Aman,SY,26.0,44.0,63.0,40,21
1343,Arjun,SY,15.0,69.0,39.0,42,9
1344,Arjun,TY,55.0,120.0,81.0,49,17
1345,Neha,FY,1.0,77.0,92.0,16,21
1346,Priya,TY,41.0,82.0,30.0,46,34
1347,Arjun,TY,96.0,75.0,84.0,49,55
1348,Arjun,TY,100.0,74.0,,58,73
1349,Rohit,FY,65.0,15.0,41.0,92,75
1350,Neha,SY,70.0,94.0,17.0,23,10
1351,Arjun,TY,,21.0,73.0,71,98
1352,Sneha,FY,,40.0,26.0,96,25
1353,Rohit,TY,89.0,53.0,65.0,99,97
1354,Aman,TY,91.0,24.0,71.0,65,5
1355,Aman,SY,74.0,0.0,22.0,97,88
1356,Sneha,TY,47.0,9.0,,28,63
1357,Priya,TY,47.0,38.0,26.0,23,27
1358,Arjun,TY,82.0,27.0,0.0,21,10
1359,Aman,TY,76.0,13.0,83.0,71,51
1360,Priya,TY,39.0,13.0,20.0,1,85
1361,Rahul,TY,11.0,28.0,23.0,24,81
1362,Rahul,FY,12.0,50.0,58.0,49,14
1363,Arjun,SY,18.0,9.0,63.0,47,97
1364,Neha,FY,53.0,62.0,90.0,48,15
1365,Priya,TY,71.0,81.0,100.0,44,92
1366,Priya,TY,15.0,100.0,27.0,46,40
1367,Arjun,SY,23.0,22.0,,80,65
1368,Priya,FY,65.0,75.0,44.0,62,36
1369,Sneha,TY,75.0,47.0,82.0,39,58
1370,Sneha,TY,49.0,120.0,6.0,85,60
1371,Arjun,FY,21.0,23.0,97.0,55,66
1372,Rohit,FY,12.0,88.0,71.0,15,30
1373,Arjun,FY,57.0,55.0,58.0,19,72
1374,Sneha,FY,0.0,,31.0,91,90
1375,Rahul,SY,54.0,62.0,75.0,78,88
1376,Rahul,FY,62.0,120.0,53.0,100,84
1377,Neha,FY,90.0,4.0,39.0,90,66
1378,Pooja,FY,79.0,9.0,49.0,62,59
1379,Priya,FY,28.0,16.0,86.0,98,30
1380,Pooja,TY,61.0,64.0,26.0,54,25
1381,Arjun,TY,75.0,22.0,,58,27
1382,Arjun,SY,54.0,49.0,94.0,78,87
1383,Rohit,TY,72.0,43.0,58.0,4,29
1384,Arjun,SY,44.0,,40.0,85,30
1385,Rohit,TY,47.0,71.0,69.0,38,47
1386,Aman,TY,20.0,16.0,77.0,85,46
1387,Neha,FY,,33.0,1.0,69,24
1388,Arjun,SY,60.0,8.0,78.0,17,42
1389,Rahul,SY,5.0,53.0,53.0,22,64
1390,Pooja,FY,57.0,5.0,63.0,48,56
1391,Pooja,FY,41.0,18.0,1.0,78,56
1392,Aman,FY,-10.0,74.0,99.0,68,69
1393,Sneha,FY,,100.0,59.0,89,22
1394,Arjun,FY,55.0,90.0,49.0,87,96
1395,Priya,TY,75.0,100.0,1.0,10,89
1396,Arjun,FY,57.0,11.0,82.0,36,52
1397,Pooja,FY,96.0,45.0,91.0,64,95
1398,Aman,TY,,26.0,15.0,13,42
1399,Neha,SY,57.0,,,74,49
1400,Rohit,TY,41.0,82.0,89.0,4,33
1401,Sneha,TY,31.0,120.0,32.0,92,65
1402,Sneha,SY,,8.0,53.0,58,100
1403,Neha,SY,83.0,8.0,12.0,86,18
1404,Arjun,SY,79.0,75.0,6.0,1,50
1405,Neha,FY,70.0,52.0,97.0,48,59
1406,Priya,FY,56.0,87.0,13.0,25,40
1407,Pooja,TY,14.0,27.0,98.0,76,67
1408,Priya,TY,63.0,78.0,92.0,26,97
1409,Rahul,TY,65.0,82.0,98.0,48,30
1410,Aman,TY,53.0,45.0,89.0,70,56
1411,Arjun,SY,0.0,88.0,99.0,37,93
1412,Neha,TY,4.0,77.0,34.0,56,58
1413,Priya,SY,22.0,20.0,88.0,60,45
1414,Pooja,SY,13.0,90.0,17.0,69,9
1415,Rohit,FY,10.0,80.0,17.0,6,10
1416,Pooja,SY,12.0,78.0,58.0,11,32
1417,Sneha,SY,82.0,46.0,7.0,10,5
1418,Arjun,FY,32.0,18.0,81.0,45,1
1419,Neha,FY,82.0,80.0,68.0,56,24
1420,Aman,FY,-10.0,14.0,16.0,97,91
1421,Aman,SY,40.0,56.0,38.0,58,2
1422,Neha,TY,8.0,87.0,39.0,12,48
1423,Pooja,SY,21.0,10.0,4.0,41,98
1424,Neha,FY,43.0,7.0,67.0,5,34
1425,Pooja,TY,58.0,35.0,35.0,5,70
1426,Neha,FY,49.0,8.0,75.0,32,31
1427,Rohit,TY,94.0,13.0,62.0,97,35
1428,Aman,TY,33.0,55.0,86.0,60,41
1429,Aman,TY,35.0,75.0,99.0,9,19
1430,Rohit,TY,2.0,28.0,12.0,19,77
1431,Pooja,TY,45.0,48.0,20.0,2,16
1432,Sneha,SY,1.0,95.0,37.0,1,6
1433,Neha,SY,77.0,64.0,97.0,8,5
1434,Rohit,SY,17.0,29.0,4.0,100,67
1435,Rohit,SY,56.0,23.0,72.0,69,63
1436,Priya,FY,55.0,19.0,70.0,78,95
1437,Aman,FY,13.0,21.0,64.0,64,47
1438,Rahul,SY,74.0,8.0,66.0,6,55
1439,Rohit,TY,93.0,60.0,74.0,42,83
1440,Rohit,TY,16.0,64.0,20.0,22,22
1441,Aman,SY,14.0,96.0,40.0,10,42
1442,Rahul,SY,73.0,60.0,,78,47
1443,Neha,FY,9.0,95.0,69.0,18,40
1444,Rohit,SY,93.0,69.0,59.0,30,86
1445,Pooja,FY,67.0,67.0,0.0,14,75
1446,Priya,SY,14.0,36.0,29.0,78,9
1447,Rohit,TY,71.0,32.0,,42,89
1448,Priya,FY,78.0,90.0,23.0,5,21
1449,Rohit,SY,26.0,23.0,4.0,59,59
1450,Pooja,TY,9.0,36.0,67.0,79,62
1451,Pooja,FY,15.0,16.0,52.0,17,89
1452,Pooja,FY,26.0,94.0,43.0,86,8
1453,Rohit,TY,67.0,10.0,77.0,34,43
1454,Rahul,SY,67.0,69.0,1.0,82,38
1455,Pooja,FY,26.0,58.0,52.0,60,29
1456,Aman,SY,41.0,81.0,28.0,50,23
1457,Rohit,TY,75.0,95.0,91.0,48,38
1458,Aman,SY,76.0,92.0,60.0,24,82
1459,Sneha,TY,27.0,63.0,97.0,40,33
1460,Rahul,TY,88.0,9.0,51.0,92,94
1461,Rahul,SY,72.0,76.0,17.0,43,83
1462,Arjun,SY,97.0,79.0,89.0,43,72
1463,Pooja,TY,4.0,12.0,59.0,67,55
1464,Rohit,SY,24.0,9.0,12.0,89,50
1465,Rahul,FY,68.0,96.0,100.0,37,2
1466,Sneha,FY,54.0,49.0,73.0,1,19
1467,Arjun,FY,82.0,3.0,75.0,66,68
1468,Sneha,TY,72.0,33.0,,84,10
1469,Arjun,TY,64.0,81.0,77.0,84,90
1470,Sneha,SY,62.0,63.0,28.0,47,64
1471,Rahul,TY,80.0,6.0,5.0,69,58
1472,Aman,FY,46.0,,67.0,76,7
1473,Aman,SY,48.0,88.0,62.0,84,75
1474,Arjun,TY,76.0,10.0,40.0,88,60
1475,Neha,FY,77.0,55.0,69.0,8,83
1476,Arjun,SY,43.0,13.0,19.0,27,52
1477,Neha,FY,6.0,44.0,37.0,28,98
1478,Pooja,FY,9.0,26.0,40.0,88,43
1479,Neha,SY,-10.0,0.0,64.0,11,52
1480,Sneha,TY,22.0,71.0,72.0,87,91
1481,Sneha,SY,68.0,41.0,17.0,60,45
1482,Priya,FY,83.0,0.0,,76,56
1483,Sneha,TY,63.0,,,88,74
1484,Pooja,TY,45.0,50.0,57.0,78,100
1485,Rahul,SY,93.0,55.0,68.0,94,49
1486,Arjun,FY,90.0,98.0,50.0,16,95
1487,Rohit,SY,93.0,0.0,22.0,31,27
1488,Arjun,SY,5.0,7.0,69.0,90,57
1489,Neha,FY,0.0,61.0,84.0,13,88
1490,Sneha,TY,15.0,17.0,27.0,100,29
1491,Neha,FY,45.0,100.0,72.0,6,91
1492,Rohit,FY,65.0,28.0,1.0,68,93
1493,Neha,FY,98.0,35.0,39.0,88,13
1494,Sneha,TY,1.0,97.0,74.0,60,35
1495,Neha,TY,44.0,17.0,8.0,61,36
1496,Neha,FY,81.0,16.0,96.0,67,10
1497,Arjun,FY,77.0,,13.0,78,41
1498,Sneha,TY,63.0,91.0,93.0,3,6
1499,Arjun,TY,-10.0,26.0,34.0,90,17
1500,Rahul,FY,61.0,44.0,83.0,37,65
